Unit ,Suplier ,Make ,Category,Sub Category,Description,Unit Price $,MRSP
R165-S,AUTOMOB,Rockford Fosgate,,,"Prime 6.5"" Component System",90,149.99
R1675-S,AUTOMOB,Rockford Fosgate,,,"Prime 6.75"" Component System",90,149.99
R1T-S,AUTOMOB,Rockford Fosgate,,,"Prime 1"" Tweeter Kit",46,89.99
R14X2,AUTOMOB,Rockford Fosgate,,,"Prime 4"" 2-Way Full-Range Speaker",42,89.99
R1525X2,AUTOMOB,Rockford Fosgate,,,"Prime 5.25"" 2-Way Full-Range Speaker.",50,99.99
R165X3,AUTOMOB,Rockford Fosgate,,,"Prime 6.50"" 3-Way Full-Range Speaker",52,99.99
R1675X2,AUTOMOB,Rockford Fosgate,,,"Prime 6.75"" 2-Way Full-Range Speaker",52,99.99
R168X2,AUTOMOB,Rockford Fosgate,,,"Prime 6""x8"" 2-Way Full-Range Speaker",63,109.99
R169X2,AUTOMOB,Rockford Fosgate,,,"Prime 6""x9"" 2-Way Full-Range Speaker",65,109.99
R169X3,AUTOMOB,Rockford Fosgate,,,"Prime 6""x9"" 3-Way Full-Range Speaker",72,129.99
PPS4-6,AUTOMOB,Rockford Fosgate,,,"Punch Pro 6.5"" 4-Ohm Midrange",104,199.99
PPS4-8,AUTOMOB,Rockford Fosgate,,,"Punch Pro 8"" 4-Ohm Midrange/Midbass",115,209.99
PPS4-10,AUTOMOB,Rockford Fosgate,,,"Punch Pro 10"" 4-Ohm Midrange",291,499.99
PP4-T,AUTOMOB,Rockford Fosgate,,,"Punch Pro 1.5"" 4-Ohm Tweeter",117,209.99
PP4-NT,AUTOMOB,Rockford Fosgate,,,"Punch Pro 1"" 4-Ohm Neodymium Tweeter",151,269.99
PP4-X,AUTOMOB,Rockford Fosgate,,,Punch Pro 4-Ohm Passive Crossover,117,209.99
PMX-8BB,AUTOMOB,Rockford Fosgate,,,Punch Marine Hide-Away AM/FM/WP Digital Media Receiver,528,849.99
PMX-8DH,AUTOMOB,Rockford Fosgate,,,"Punch Marine Full Function Wired 5"" TFT Display Head",367,589.99
PMX-5CAN,AUTOMOB,Rockford Fosgate,,,"Punch Marine AM/FM/WB Digital Media Receiver 2.7"" Display w/ CAN bus",504,809.99
PMX-3,AUTOMOB,Rockford Fosgate,,,"Compact Digital Media Receiver w/ 2.7"" Display",477,749.99
PMX-2,AUTOMOB,Rockford Fosgate,,,"Punch Marine Compact AM/FM/WB Digital Media Receiver 2.7"" Display",380,609.99
PMX-1,AUTOMOB,Rockford Fosgate,,,"Punch Marine Grade Media Receiver with 2.3"" Dot Matrix Display",301,479.99
PMX-0,AUTOMOB,Rockford Fosgate,,,Punch Marine Ultra Compact Digital Media Receiver,187,299.99
PMX-CAN,AUTOMOB,Rockford Fosgate,,,CANbus Display Interface Module,239,409.99
PMX-1R,AUTOMOB,Rockford Fosgate,,,"Punch Marine Full Function Wired Remote 2.7"" Display",248,399.99
PMX-BTUR,AUTOMOB,Rockford Fosgate,,,Bluetooth Universal Remote,117,199.99
PMX16C,AUTOMOB,Rockford Fosgate,,,Punch Marine 16 Foot Extension Cable,49,89.99
PMX25C,AUTOMOB,Rockford Fosgate,,,Punch Marine 25 Foot Extension Cable,59,119.99
PMX50C,AUTOMOB,Rockford Fosgate,,,Punch Marine 50 Foot Extension Cable,102,179.99
PMXYC,AUTOMOB,Rockford Fosgate,,,Punch Marine Y-Adaptor Cable,39,79.99
PAUX,AUTOMOB,Rockford Fosgate,,,Punch Universal Auxiliary Input Port,55,99.99
PMX-USBP ,AUTOMOB,Rockford Fosgate,,,Universal USB Port with Hinged Cover,37,64.99
PMX-ANT,AUTOMOB,Rockford Fosgate,,,AM/FM/WB Amplified 12V Antenna,70,139.99
M5-800X4,AUTOMOB,Rockford Fosgate,,,,575,969.99
M5-1500X5,AUTOMOB,Rockford Fosgate,,,,864,1439.99
M5-1000X1,AUTOMOB,Rockford Fosgate,,,,519,969.99
PM300X2,AUTOMOB,Rockford Fosgate,,,Punch Marine 300 Watt 2-Channel Amplifier,296,539.99
PM500X2,AUTOMOB,Rockford Fosgate,,,Punch Marine 500 Watt 2-Channel Amplifier,471,839.99
PM400X4,AUTOMOB,Rockford Fosgate,,,Punch Marine 400 Watt 4-Channel Amplifier,436,789.99
PM600X4,AUTOMOB,Rockford Fosgate,,,Punch Marine 600 Watt 4-Channel Amplifier,555,999.99
PM1000X5,AUTOMOB,Rockford Fosgate,,,"Punch Marine 1,000 Watt Class-bd 5-Channel Amplifier",709,1259.99
PM100X1K,AUTOMOB,Rockford Fosgate,,,Punch Marine 100 Watt Full-Range Mono Amplifier (pair),260,469.99
PM500X1BD,AUTOMOB,Rockford Fosgate,,,Punch Marine 500 Watt Class-bd Mono Amplifier,471,839.99
PM1000X1BD,AUTOMOB,Rockford Fosgate,,,"Punch Marine 1,000 Watt Class-bd Mono Amplifier",591,1049.99
M2-200X2,AUTOMOB,Rockford Fosgate,,,,246,409.99
M2-300X4,AUTOMOB,Rockford Fosgate,,,,291,479.99
M2-500X1,AUTOMOB,Rockford Fosgate,,,,291,479.99
M2-750X5,AUTOMOB,Rockford Fosgate,,,,471,759.99
PMX-RGB,AUTOMOB,Rockford Fosgate,,,Color Optix™ Light Controller with Optional App Interface,83,149.99
RGB-6C,AUTOMOB,Rockford Fosgate,,,6 ft Color Optix™ Extension Cable for PMX-RGB,21,34.99
RGB-16C,AUTOMOB,Rockford Fosgate,,,16 ft Color Optix™ Extension Cable for PMX-RGB,25,45.99
RGB-25C,AUTOMOB,Rockford Fosgate,,,25 ft Color Optix™ Extension Cable for PMX-RGB,30,59.99
RGB-YC,AUTOMOB,Rockford Fosgate,,,Y adapter Color Optix™ Cable for PMX-RGB,21,34.99
M2D2-10I,AUTOMOB,Rockford Fosgate,,,"10"" DVC 2Ω Color Optix™ Infinite Baffle Marine Subwoofer",369,669.99
M2D2-10IB,AUTOMOB,Rockford Fosgate,,,"10"" DVC 2Ω Color Optix™ Infinite Baffle Marine Subwoofer",369,669.99
M2D4-10I,AUTOMOB,Rockford Fosgate,,,"10"" DVC 4Ω Color Optix™ Infinite Baffle Marine Subwoofer",369,669.99
M2D4-10IB,AUTOMOB,Rockford Fosgate,,,"10"" DVC 4Ω Color Optix™ Infinite Baffle Marine Subwoofer - Black",369,669.99
M2D2-10S ,AUTOMOB,Rockford Fosgate,,,,369,669.99
M2D2-10SB ,AUTOMOB,Rockford Fosgate,,,,369,669.99
M2D4-10S ,AUTOMOB,Rockford Fosgate,,,,369,669.99
M2D4-10SB ,AUTOMOB,Rockford Fosgate,,,,369,669.99
M2D2-12I ,AUTOMOB,Rockford Fosgate,,,,473,819.99
M2D2-12IB ,AUTOMOB,Rockford Fosgate,,,,473,819.99
M2D4-12I ,AUTOMOB,Rockford Fosgate,,,,473,819.99
M2D4-12IB ,AUTOMOB,Rockford Fosgate,,,,473,819.99
M2D2-12S ,AUTOMOB,Rockford Fosgate,,,,473,819.99
M2D2-12SB ,AUTOMOB,Rockford Fosgate,,,,473,819.99
M2D4-12S ,AUTOMOB,Rockford Fosgate,,,,473,819.99
M2D4-12SB ,AUTOMOB,Rockford Fosgate,,,,473,819.99
M1D2-8,AUTOMOB,Rockford Fosgate,,,"8"" DVC 2Ω Color Optix™ Marine Subwoofer",206,369.99
M1D2-8B,AUTOMOB,Rockford Fosgate,,,"8"" DVC 2Ω Color Optix™ Marine Subwoofer - Black",206,369.99
M1D4-8,AUTOMOB,Rockford Fosgate,,,"8"" DVC 4Ω Color Optix™ Marine Subwoofer",206,369.99
M1D4-8B,AUTOMOB,Rockford Fosgate,,,"8"" DVC 4Ω Color Optix™ Marine Subwoofer - Black",206,369.99
M1D2-10,AUTOMOB,Rockford Fosgate,,,"10"" DVC 2Ω Color Optix™ Marine Subwoofer",214,379.99
M1D2-10B,AUTOMOB,Rockford Fosgate,,,"10"" DVC 2Ω Color Optix™ Marine Subwoofer - Black",214,379.99
M1D4-10,AUTOMOB,Rockford Fosgate,,,"10"" DVC 4Ω Color Optix™ Marine Subwoofer",214,379.99
M1D4-10B,AUTOMOB,Rockford Fosgate,,,"10"" DVC 4Ω Color Optix™ Marine Subwoofer - Black",214,379.99
M1D2-12,AUTOMOB,Rockford Fosgate,,,"12"" DVC 2Ω Color Optix™ Marine Subwoofer",267,469.99
M1D2-12B,AUTOMOB,Rockford Fosgate,,,"12"" DVC 2Ω Color Optix™ Marine Subwoofer - Black",267,469.99
M1D4-12,AUTOMOB,Rockford Fosgate,,,"12"" DVC 4Ω Color Optix™ Marine Subwoofer",267,469.99
M1D4-12B,AUTOMOB,Rockford Fosgate,,,"12"" DVC 4Ω Color Optix™ Marine Subwoofer - Black",267,469.99
M2-65,AUTOMOB,Rockford Fosgate,,,6.5” Color Optix™ Marine 2-Way System,393,699.99
M2-65B,AUTOMOB,Rockford Fosgate,,,6.5” Color Optix™ Marine 2-Way System - Black,393,699.99
M2-8,AUTOMOB,Rockford Fosgate,,,8” Color Optix™ Marine 2-Way System,442,799.99
M2-8B,AUTOMOB,Rockford Fosgate,,,8” Color Optix™ Marine 2-Way System - Black,442,799.99
M2-TS,AUTOMOB,Rockford Fosgate,,,"1"" Marine Tweeter Kit",171,309.99
M1-6,AUTOMOB,Rockford Fosgate,,,6” Color Optix™ Marine 2-Way System,224,409.99
M1-6B,AUTOMOB,Rockford Fosgate,,,6” Color Optix™ Marine 2-Way System - Black,224,409.99
M1-65,AUTOMOB,Rockford Fosgate,,,6.5” Color Optix™ Marine 2-Way System,224,409.99
M1-65B,AUTOMOB,Rockford Fosgate,,,6.5” Color Optix™ Marine 2-Way System - Black,224,409.99
M1-8,AUTOMOB,Rockford Fosgate,,,8” Color Optix™ Marine 2-Way System,298,529.99
M1-8B,AUTOMOB,Rockford Fosgate,,,8” Color Optix™ Marine 2-Way System - Black,298,529.99
M0-65,AUTOMOB,Rockford Fosgate,,,"M0 6.5"" Marine Grade Speakers - White",130,229.99
M0-65B,AUTOMOB,Rockford Fosgate,,,"M0 6.5"" Marine Grade Speakers - Black",130,229.99
M2WL-8,AUTOMOB,Rockford Fosgate,,,M2 8” Color Optix™ 2-Way Wake Tower Speakers,1153,1819.99
M2WL-8B,AUTOMOB,Rockford Fosgate,,,M2 8” Color Optix™ 2-Way Wake Tower Speakers - Black,1153,1819.99
M2WL-8HB ,AUTOMOB,Rockford Fosgate,,,,1378,2179.99
M2WL-8HB ,AUTOMOB,Rockford Fosgate,,,,1378,2179.99
M2WL-65MB ,AUTOMOB,Rockford Fosgate,,,,911,1459.99
M1WL-65MB,AUTOMOB,Rockford Fosgate,,,,739,1179.99
M0WL-65MB ,AUTOMOB,Rockford Fosgate,,,,628,999.99
RZR14-STG1,AUTOMOB,Rockford Fosgate,,,,872,1319.99
RZR14-STG2,AUTOMOB,Rockford Fosgate,,,,1569,2379.99
RZR14-STG3,AUTOMOB,Rockford Fosgate,,,,2447,3749.99
RZR14-STG4,AUTOMOB,Rockford Fosgate,,,,3226,4999.99
RZR14-STG5,AUTOMOB,Rockford Fosgate,,,,4117,6259.99
RZR14-STG6,AUTOMOB,Rockford Fosgate,,,,4562,7019.99
RZR14RC-STG3,AUTOMOB,Rockford Fosgate,,,,2003,3139.99
RZR14RC-STG4,AUTOMOB,Rockford Fosgate,,,,2781,4259.99
RZR14RC-STG5 ,AUTOMOB,Rockford Fosgate,,,,3670,5639.99
RZR14RC-STG6 ,AUTOMOB,Rockford Fosgate,,,,4117,6259.99
GNRL-STAGE1 ,AUTOMOB,Rockford Fosgate,,,,489,699.99
GNRL-STAGE2,AUTOMOB,Rockford Fosgate,,,Stereo and front lower speaker kit for select Polaris GENERAL™ models,953,1399.99
GNRL-STAGE3,AUTOMOB,Rockford Fosgate,,,"400 watt stereo, front lower speaker, and subwoofer kit for select Polaris GENERAL™ models",1952,2899.99
GNRL-STAGE4,AUTOMOB,Rockford Fosgate,,,"400 watt stereo, front lower speaker, rear speaker, and subwoofer kit for select Polaris GENERAL™ models",2614,3899.99
GNRL-REAR,AUTOMOB,Rockford Fosgate,,,Add-on Rear Speaker Kit for use with GNRL-STAGE2 and GNRL-STAGE3 Kits,754,1149.99
RNGR18-STG1,AUTOMOB,Rockford Fosgate,,,Ranger Stage-1 Audio System,674,999.99
RNGR-STAGE1,AUTOMOB,Rockford Fosgate,,,Stereo kit for select RANGER® models,489,699.99
RNGR-STAGE2,AUTOMOB,Rockford Fosgate,,,Stereo and front lower speaker kit for select RANGER® models,953,1399.99
RNGR-STAGE3,AUTOMOB,Rockford Fosgate,,,"400 watt stereo, front lower speaker, and subwoofer kit for select RANGER® models",1952,2899.99
RNGR-STAGE4,AUTOMOB,Rockford Fosgate,,,"400 watt stereo, front lower speaker, rear speaker, and subwoofer kit for select Polaris RANGER® models",2614,3899.99
RNGR-REAR,AUTOMOB,Rockford Fosgate,,,Add-on Rear Speaker Kit for use with RNGR-STAGE2 and RNGR-STAGE3 Kits,754,1149.99
X317-STG1,AUTOMOB,Rockford Fosgate,,,PMX-1 and Front Element ReadyTM Speaker Kit for Select X3 Models,872,1319.99
X317-STG2,AUTOMOB,Rockford Fosgate,,,"PMX-1, Front & Rear Element ReadyTM Speaker Kit for Select Can-Am® Maverick X3 Models",1569,2379.99
X317-STG3,AUTOMOB,Rockford Fosgate,,,"PMX-2, 800 Watt, Front Color OptixTM Speaker and Subwoofer Kit for Select X3 Models",2447,3749.99
X317-STG4,AUTOMOB,Rockford Fosgate,,,"PMX-2, 800 Watt, Front Color OptixTM Speaker, Subwoofer & Rear Speaker Kit for Select X3 Models",3226,4999.99
X317-STG5,AUTOMOB,Rockford Fosgate,,,"PMX-3, 1500 Watt, Front Color OptixTM Speaker, Dual Subwoofer and Rear Speaker Kit for Select X3 Models",4562,7019.99
X317-STG6,AUTOMOB,Rockford Fosgate,,,"PMX-3, 1500 Watt, Front Color OptixTM Speaker, Dual Subwoofer and Rear Horn Speaker Kit for Select X3 Models",5009,7509.99
YXZ-STAGE1,AUTOMOB,Rockford Fosgate,,,Stereo Kit for select YXZ® models,489,699.99
YXZ-STAGE2,AUTOMOB,Rockford Fosgate,,,Stereo and Front Speaker Kit for select YXZ® models,953,1399.99
YXZ-STAGE3,AUTOMOB,Rockford Fosgate,,,"400 Watt Amplified Stereo, Front Speaker and Subwoofer Kit for select YXZ® models",1952,2899.99
YXZ-STAGE4,AUTOMOB,Rockford Fosgate,,,"400 Watt Amplified Stereo, Front Lower Speaker, Subwoofer, and Rear Speaker Kit for select YXZ®",2614,3899.99
MOTO-REAR2,AUTOMOB,Rockford Fosgate,,,Add-on Rear Speaker Kit for use with YXZ-STAGE2 and YXZ-STAGE3 Kits,528,799.99
YXZ-UPPER,AUTOMOB,Rockford Fosgate,,,Add-on Front Upper Speaker Kit for use with YXZ-STAGE2 and YXZ-STAGE3 Kits,658,999.99
MX-CAM,AUTOMOB,Rockford Fosgate,,,Motorsports Camera Kit with PMX Compatibility,94,159.99
MX-CAM-RZR14,AUTOMOB,Rockford Fosgate,,,Camera Plug and Play Harness and Mounting Kit for Select RZR Models,83,139.99
MX-CAM-X317,AUTOMOB,Rockford Fosgate,,,Camera Plug and Play Harness and Mounting Kit for Select X3 Models,83,139.99
MX-CAM-RNGR18,AUTOMOB,Rockford Fosgate,,,Camera Plug and Play Harness and Mounting Kit for Select Ranger Models,98,159.99
HD14RGSG-STAGE2,AUTOMOB,Rockford Fosgate,,,2014+ Harley-Davidson® Road Glide® & Street Glide® 2 Speaker & Amp Kit,1116,1739.99
HD14RGSG-STAGE3,AUTOMOB,Rockford Fosgate,,,2014+ Harley-Davidson® Road Glide® & Street Glide® 4 Speaker & Amp Kit,1716,2669.99
HD14CVO-STAGE2,AUTOMOB,Rockford Fosgate,,,2014+ Harley-Davidson® Road Glide® CVO & Street Glide® CVO 4 Speaker & Amp Kit,1471,2289.99
HD14CVO-STAGE3,AUTOMOB,Rockford Fosgate,,,2014+ Harley-Davidson® Road Glide® CVO® & Street Glide® CVO 6 Speaker & Amp Kit,1837,2849.99
HD14U-STAGE2,AUTOMOB,Rockford Fosgate,,,2014+ Harley-Davidson® Road Glide® Ultra & Street Glide® Ultra 4 Speaker & Amp Kit,1480,2289.99
HD14U-STAGE3,AUTOMOB,Rockford Fosgate,,,2014+ Harley-Davidson® Road Glide® Ultra & Street Glide® Ultra 6 Speaker & Amp Kit,2083,3249.99
HD14RK-STAGE2,AUTOMOB,Rockford Fosgate,,,Kit for Select 2014+ Road King Motorcycles,1378,2149.99
HD9813RG-STAGE1,AUTOMOB,Rockford Fosgate,,,1998-2013 Harley-Davidson® Road Glide® Source Unit & 2 Speaker Kit,1114,1719.99
HD9813RG-STAGE2,AUTOMOB,Rockford Fosgate,,,"1998-2013 Harley-Davidson® Road Glide® Source Unit, 2 Speaker & Amp Kit",1857,2889.99
HD9813RG-STAGE3,AUTOMOB,Rockford Fosgate,,,"1998-2013 Harley-Davidson® Road Glide® Source Unit, 4 Speaker & Amp Kit",2460,3829.99
HD9813SG-STAGE1,AUTOMOB,Rockford Fosgate,,,1998-2013 Harley-Davidson® Street Glide® Source Unit & 2 Speaker Kit,1114,1719.99
HD9813SG-STAGE2,AUTOMOB,Rockford Fosgate,,,"1998-2013 Harley-Davidson® Street Glide® Source Unit, 2 Speaker & Amp Kit",1857,2889.99
HD9813SG-STAGE3,AUTOMOB,Rockford Fosgate,,,"1998-2013 Harley-Davidson® Street Glide® Source Unit, 4 Speaker & Amp Kit",2460,3829.99
HD9813RGU-STAGE1,AUTOMOB,Rockford Fosgate,,,1998-2013 Harley-Davidson® Road Glide® Ultra Source Unit & 4 Speakers Kit,1473,2289.99
HD9813RGU-STAGE2,AUTOMOB,Rockford Fosgate,,,"1998-2013 Harley-Davidson® Road Glide® Ultra Source Unit, 4 Speaker & Amp Kit",2219,3459.99
HD9813RGU-STAGE3,AUTOMOB,Rockford Fosgate,,,"1998-2013 Harley-Davidson® Road Glide® Ultra Source Unit, 6 Speaker & Amp Kit",2821,4389.99
HD9813SGU-STAGE1,AUTOMOB,Rockford Fosgate,,,1998-2013 Harley-Davidson® Electra Glide® Ultra Source Unit & 4 Speaker Kit,1473,2289.99
HD9813SGU-STAGE2,AUTOMOB,Rockford Fosgate,,,"1998-2013 Harley-Davidson® Electra Glide® Ultra Source Unit, 4 Speaker & Amp Kit",2219,3459.99
HD9813SGU-STAGE3,AUTOMOB,Rockford Fosgate,,,"1998-2013 Harley-Davidson® Electra Glide® Ultra Source Unit, 6 Speaker & Amp Kit",2821,4389.99
HD9813RK-STAGE2,AUTOMOB,Rockford Fosgate,,,Two Speakers & Amplifier Kit for Select 1998-2013 Road King Motorcycles,1378,2149.99
PMX-HD9813,AUTOMOB,Rockford Fosgate,,,Digital Media Receiver for 1998-2013 Harley-Davidson,736,1159.99
TMS69BL14,AUTOMOB,Rockford Fosgate,,,Power Harley-Davidson® Saddlebag Audio Kit (2014+),603,959.99
TMS69BL9813,AUTOMOB,Rockford Fosgate,,,Power Harley-Davidson® Saddlebag Audio Kit (1998-2013),603,959.99
HD14-SBSUB,AUTOMOB,Rockford Fosgate,,,"Dual 10"" saddlebag subwoofer kit for select 2014+ Harley- Davidson® motorcycles",2026,2999.99
TMS5,AUTOMOB,Rockford Fosgate,,,"Power Harley-Davidson® 5.25"" Full Range Tour-Pak Speakers (1998-2013)",381,629.99
TMS6RG,AUTOMOB,Rockford Fosgate,,,"Power Harley-Davidson® Road Glide® 6.5"" Full Range Fairing Speakers (1998-2013)",381,629.99
TMS6SG,AUTOMOB,Rockford Fosgate,,,"Power Harley-Davidson® Street Glide® 6.5"" Full Range Fairing Speakers (2006-2013)",381,629.99
TMS65,AUTOMOB,Rockford Fosgate,,,"Power Harley-Davidson® 6.5"" Full Range Fairing/Tour-Pak Speakers (2014+)",381,629.99
TMS57,AUTOMOB,Rockford Fosgate,,,"Power 5""x7"" Harley-Davidson® Replacement Bag Lid Speakers",381,629.99
TMS69,AUTOMOB,Rockford Fosgate,,,"Power Motorcycle 6""x9"" Full Range Bag Lid Speakers",381,629.99
RFK-HD14,AUTOMOB,Rockford Fosgate,,,2014+ Harley-Davidson® Road Glide® & Street Glide® Amplifier Wiring Kit,265,429.99
RFK-HD9813,AUTOMOB,Rockford Fosgate,,,1998-2013 Harley-Davidson® Road Glide® & Street Glide® Amplifier Wiring Kit,265,429.99
RFK-HDRK,AUTOMOB,Rockford Fosgate,,,Complete Amp Install Kit for Select 2014+ Harley Davidson® Motorcycles,330,549.99
PEQ,AUTOMOB,Rockford Fosgate,,,Remote Punch EQ (2007+ Amps),29,50.99
RFPEQU,AUTOMOB,Rockford Fosgate,,,Universal PEQ Remote & Line Driver,91,159.99
PLC2,AUTOMOB,Rockford Fosgate,,,Remote Punch Level Control,29,50.99
PLC-U,AUTOMOB,Rockford Fosgate,,,Universal Punch Level Control,53,104.99
PMX-BTUR,AUTOMOB,Rockford Fosgate,,,Bluetooth Universal Remote,117,199.99
PAUX,AUTOMOB,Rockford Fosgate,,,Punch Universal Auxiliary Input Port,55,99.99
PMX-USBP,AUTOMOB,Rockford Fosgate,,,Universal USB port,37,64.99
PMX-ANT,AUTOMOB,Rockford Fosgate,,,AM/FM/WB Amplified 12V Antenna,70,139.99
T1SG-10,AUTOMOB,Rockford Fosgate,,,"10"" Power T1 Slim Mesh Grille Insert",35,64.99
T1SG-12,AUTOMOB,Rockford Fosgate,,,"12"" Power T1 Slim Mesh Grille Insert",35,64.99
P3SG-8,AUTOMOB,Rockford Fosgate,,,"8"" Shallow Stamped Mesh Grille Insert",28,51.99
P3SG-10,AUTOMOB,Rockford Fosgate,,,"10"" Shallow Stamped Mesh Grille Insert",28,51.99
P3SG-12,AUTOMOB,Rockford Fosgate,,,"12"" Shallow Stamped Mesh Grille Insert",28,51.99
P2P3G-8,AUTOMOB,Rockford Fosgate,,,"8"" Stamped Mesh Grille Insert",28,51.99
P2P3G-10,AUTOMOB,Rockford Fosgate,,,"10"" Stamped Mesh Grille Insert",28,51.99
P2P3G-10,AUTOMOB,Rockford Fosgate,,,"10"" Stamped Mesh Grille Insert",28,51.99
P2P3G-10,AUTOMOB,Rockford Fosgate,,,"10"" Stamped Mesh Grille Insert",35,64.99
P1G-10,AUTOMOB,Rockford Fosgate,,,"10"" Stamped Mesh Grille Insert",28,51.99
P1G-12,AUTOMOB,Rockford Fosgate,,,"12"" Stamped Mesh Grille Insert",28,51.99
P1G-15,AUTOMOB,Rockford Fosgate,,,"15"" Stamped Mesh Grille Insert",35,64.99
RFBTRCA,AUTOMOB,Rockford Fosgate,,,Universal Bluetooth to RCA Adaptor,64,119.99
RF-HLC4,AUTOMOB,Rockford Fosgate,,,4-Channel High-to-Low Converter,38,89.99
RF-HLC,AUTOMOB,Rockford Fosgate,,,2-Channel High-to-Low Converter,20,37.99
RFI2SW,AUTOMOB,Rockford Fosgate,,,Speaker Line To Male RCA Adapter,11,26.99
RFIF2SW,AUTOMOB,Rockford Fosgate,,,Speaker Line To Female RCA Adapter,11,26.99
RFK1,AUTOMOB,Rockford Fosgate,,,1/0 Power Installation Kit,275,529.99
RFK1D,AUTOMOB,Rockford Fosgate,,,Dual Amp 1/0 AWG Dual Amp Wiring Kit,341,639.99
RFK4D,AUTOMOB,Rockford Fosgate,,,4 AWG Complete Dual Amp Installation Kit,186,349.99
RFK4X,AUTOMOB,Rockford Fosgate,,,4 AWG Complete Installation Kit,128,239.99
RFK4I,AUTOMOB,Rockford Fosgate,,,4 AWG Power & Signal Installation Kit,142,269.99
RFK4,AUTOMOB,Rockford Fosgate,,,4 AWG Power Installation Kit,96,179.99
RFK8X,AUTOMOB,Rockford Fosgate,,,8 AWG Complete Installation Kit,87,169.99
RFK8I,AUTOMOB,Rockford Fosgate,,,8 AWG Power & Signal Installation Kit,70,139.99
RFK8,AUTOMOB,Rockford Fosgate,,,8 AWG Power Installation Kit,49,94.99
RFIT-3,AUTOMOB,Rockford Fosgate,,,3 Feet Premium Dual Twist Signal Cable,15,30.99
RFIT-6,AUTOMOB,Rockford Fosgate,,,6 Feet Premium Dual Twist Signal Cable,17,30.99
RFIT-10,AUTOMOB,Rockford Fosgate,,,10 Feet Premium Dual Twist Signal Cable,18,31.99
RFIT-16,AUTOMOB,Rockford Fosgate,,,16 Feet Premium Dual Twist Signal Cable,22,41.99
RFIT-20,AUTOMOB,Rockford Fosgate,,,20 Feet Premium Dual Twist Signal Cable,26,48.99
RFITY-1M,AUTOMOB,Rockford Fosgate,,,Premium Y-Adapter 1 Male To 2 Female,14,25.99
RFITY-1F,AUTOMOB,Rockford Fosgate,,,Premium Y-Adapter 1 Female To 2 Male,14,25.99
RFI-3,AUTOMOB,Rockford Fosgate,,,3 Feet Twisted Pair Signal Cable,8,13.99
RFI-6,AUTOMOB,Rockford Fosgate,,,6 Feet Twisted Pair Signal Cable,9,19.99
RFI-10,AUTOMOB,Rockford Fosgate,,,10 Feet Twisted Pair Signal Cable,11,19.99
RFI-16,AUTOMOB,Rockford Fosgate,,,16 Feet Twisted Pair Signal Cable,13,26.99
RFI-20,AUTOMOB,Rockford Fosgate,,,20 Feet Twisted Pair Signal Cable,15,24.99
RFIY-1M,AUTOMOB,Rockford Fosgate,,,Twisted Pair Y-Adapter 1 Male To 2 Female,7,12.99
RFIY-1F,AUTOMOB,Rockford Fosgate,,,Twisted Pair Y-Adapter 1 Female To 2 Male,7,12.99
RFIS,AUTOMOB,Rockford Fosgate,,,RCA Male Adaptor,7,12.99
RFDGM,AUTOMOB,Rockford Fosgate,,,GM Battery Post Extender,8,13.99
RFDGML,AUTOMOB,Rockford Fosgate,,,GM Battery Post Extender For Double Stacked Terminals,8,13.99
RFDB1,AUTOMOB,Rockford Fosgate,,,4 AWG or 1/0 AWG Positive-Negative Battery Terminal,23,43.99
RFDB4,AUTOMOB,Rockford Fosgate,,,4 AWG Positive/Negative Battery Terminal,14,25.99
RFCB100,AUTOMOB,Rockford Fosgate,,,100 Amp Circuit Breaker,43,79.99
RFCB140,AUTOMOB,Rockford Fosgate,,,140 Amp Circuit Breaker,43,79.99
RFCB200,AUTOMOB,Rockford Fosgate,,,200 Amp Circuit Breaker,43,79.99
RFTB4,AUTOMOB,Rockford Fosgate,,,4 AWG Seamed Crimp Style Barrier Spade,8,12.99
RFFU40,AUTOMOB,Rockford Fosgate,,,40 Amp AGU Fuse,7,14.99
RFFU60,AUTOMOB,Rockford Fosgate,,,60 Amp AGU Fuse,7,14.99
RFFM60,AUTOMOB,Rockford Fosgate,,,60 Amp Maxi Fuse,6,9.99
RFFM80,AUTOMOB,Rockford Fosgate,,,80 Amp Maxi Fuse,6,9.99
RFFM100,AUTOMOB,Rockford Fosgate,,,100 Amp Maxi Fuse,6,9.99
RFFA100,AUTOMOB,Rockford Fosgate,,,100 Amp ANL Fuse,8,14.99
RFFA150,AUTOMOB,Rockford Fosgate,,,150 Amp ANL Fuse,8,14.99
RFFA200,AUTOMOB,Rockford Fosgate,,,200 Amp ANL Fuse,8,14.99
RFFA300,AUTOMOB,Rockford Fosgate,,,300 Amp ANL Fuse,8,14.99
RFFA500,AUTOMOB,Rockford Fosgate,,,500 Amp ANL Fuse,7,14.99
RFFANL,AUTOMOB,Rockford Fosgate,,,Inline ANL or Maxi Fuse Holder,31,59.99
RFFMXI,AUTOMOB,Rockford Fosgate,,,Inline MAXI Fuse Holder,13,26.99
RFFAGU,AUTOMOB,Rockford Fosgate,,,Inline AGU Fuse Holder,9,19.99
RFFDAGU,AUTOMOB,Rockford Fosgate,,,Fused AGU Distribution Block,28.99,50.99
RFD4,AUTOMOB,Rockford Fosgate,,,4 AWG Distribution Block,17,30.99
RFD1,AUTOMOB,Rockford Fosgate,,,1/0 AWG Distribution Block,17,30.99
RFC10HB,AUTOMOB,Rockford Fosgate,,,10 Farad Hybrid Digital Capacitor,448,849.99
RFW1R-51,AUTOMOB,Rockford Fosgate,,,51 Foot Spool 1/0 AWG Frosted Red Wire,538,1019.99
RFW1B-51,AUTOMOB,Rockford Fosgate,,,51 Foot Spool 1/0 AWG Frosted Black Wire,546,1039.99
RFW4R,AUTOMOB,Rockford Fosgate,,,100 Foot Spool 4 AWG Frosted Red Wire,420,789.99
RFW4B,AUTOMOB,Rockford Fosgate,,,100 Foot Spool 4 AWG Frosted Black Wire,424,799.99
RFW8R,AUTOMOB,Rockford Fosgate,,,250 Foot Spool 8 AWG Frosted Red Wire,426,809.99
RFW8B,AUTOMOB,Rockford Fosgate,,,250 Foot Spool 8 AWG Frosted Black Wire,424,809.99
RFW12-250,AUTOMOB,Rockford Fosgate,,,12 AWG Speaker Wire 250 Foot Spool Frosted Black/Silver,371,699.99
RFW16-1000,AUTOMOB,Rockford Fosgate,,,16 AWG Speaker Wire 1000 Foot Spool Black/Silver,602,1139.99
RFWP12-15,AUTOMOB,Rockford Fosgate,,,12 AWG Speaker Wire Packaged 15 Foot Black/Silver,30,59.99
RFWP16-30,AUTOMOB,Rockford Fosgate,,,16 AWG Speaker Wire Packaged 30 Foot Black/Silver,26,51.99
RFTS1,AUTOMOB,Rockford Fosgate,,,1/0 AWG Seamed Crimp Style Ring Terminal,8,12.99
RFTS4,AUTOMOB,Rockford Fosgate,,,4 AWG Seamed Crimp Style Ring Terminal,9,18.99
SSLOC35,,,,,"2 Channel Loc, 6:1 Step Down A/ Adjustable Outputs 40W Max Input Stinger Select",10.95,19.99
DMX1037S,,Kenwood,,,"Kenwood Floating Mount Receiver (10.1"" - BT / Wireless CarPlay & AA / SXM Ready)",1252.66,1699.99
KMR-M328BT,,Kenwood,,,Kenwood SDin Mechless Marine Receiver (USB / AUX / BT / Alexa / SXM Ready),139.99,229.99
KMR-D378BT,,Kenwood,,,Kenwood SDin Marine Receiver (CD / USB / AUX / BT / Alexa / SXM Ready),151.99,249.99
DPX304MBT,,Kenwood,,,Kenwood DDin Mechless Receiver (USB / AUX / BT / Alexa / SXM Ready),134.41,179.99
DPX504BT,,Kenwood,,,Kenwood DDin Receiver (CD / USB / AUX / BT / Alexa / SXM Ready),166.66,219.99
KDC-BT378U,,Kenwood,,,Kenwood SDin Receiver (CD / USB / AUX / BT / Alexa / SXM Ready),145.7,189.99
KDC-BT278U,,Kenwood,,,Kenwood SDin Receiver (CD / USB / AUX / BT),134.99,169.99
NA2-500.5,,,,,High Performance Compact 5 Channel Digital Amplfier 4 X 80 Watts @ 4 Ohm + 1 X 200,245,459.99
FA1-1000.1,,,,,MB Quart FORMULA AMPLIFIERS,168.99,369.99
FA1-2000.1,,,,,MB Quart FORMULA AMPLIFIERS,207,549.99
P2P3G-12,AUTOMOB,Rockford Fosgate,,,"12"" Stamped Mesh Grille Insert",28,69.99
p2P3G-15,AUTOMOB,Rockford Fosgate,,,"15"" Stamped Mesh Grille Insert",35,69.99
F200PROD32CH,,THINKWARE,,,"2-CHANNEL DASHCAM, DUAL 1080P CAMERAS, WIFI, 32GB, HARDWIRE",200,299.99
twa-cpl,,THINKWARE,,,CIRCULAR POLARIZED FILTER (CPL),16,24.99
KIT-CAM1,,,,,DASH KIT AND T-HARNESS FOR 2010-2015 CHEVROLET CAMARO,205,409.99
95-5703B,,,,,Ford Mustang 1994-2000,71,140
RVM-1500CL,12 Volt,,,,"CLIP ON 5"" REARVIEW MIRROR MONITOR",169.99,299.99
RVM-1500,12 Volt,,,,"5"" REARVIEW MIRROR MONITOR",169.99,299.99
CM-DUO3 HD,12 Volt,,,,Rydeen Lip Mount Camera,109.99,199.99
VTL17IRTJ,,,,,Concealed License Plate Camera With Night Vision,77.95,149.99
AP6.5OHM2,,,,,AP 6.5 Ohm2 - 2 SET WOOFER 165mm,60,180
AXDI-GLMLN29,,Metra,,,GM '06-UP LAN 29 INTERFACE + CHIME,57.99,129.99
kdc-bt282u,,Kenwood,,,Kenwood CD Receiver,139.99,189.99
APK165P,,,,,APK 165P - KIT 2Way AP 6.5P+AP 1P+XOVER,164,429.99
APX6.5,,,,,APX 6.5 - SET COAX 2Way 165mm,92,249.99
APX690,,,,,"APX 690 - SET COAX 3Way 6""X9""+Grilles",111,309.99
KIT-FTR1,,,,,"FTR1 DASH KIT AND T-HARNESS FOR NEWER FORD TRUCKS WITH 4.3"" SCREEN",170,339.99
ADS-THR-HK3,,iDatastart,,,"Installation T-Harness For Select Hyundai/Kia ""PTS"" Vehicles 2011-2019",40,79.99
